name	backend	checkpoint	loss	avg_loss	final_epoch	step_time	total_time	batch_size	lr	warmup	seed	base_dir	impl_path	local_folder	Eval_optim	Eval_tasks	Eval_name	Eval_evaluation_set	Eval_checkpoint	Eval_path	Eval_max_seq_length	Eval_batch_size	Eval_batch_size_ramp	Eval_gradient_clipping	Eval_limited_decay_keys	Eval_scheduler	Eval_optim_mod	Eval_eval_in_train_mode	Eval_epochs	Eval_warmup_steps	Eval_cooldown_steps	Eval_steps	Eval_testing	Eval_arch_modifications
amp_b8192_cb_o4_final	torch-default	latest					3:14:31.624895	16	4e-05	267	344537031	/home/rostyslav/cramming/outputs	/home/rostyslav/cramming/outputs/data	amp_b8192_cb_o4_final/downstream/2025-08-24/17-26-39	{'type': 'AdamW', 'lr': 4e-05, 'betas': [0.9, 0.98], 'eps': 1e-06, 'weight_decay': 0.0, 'amsgrad': False}	{'cola': {'collection': 'glue', 'regression': False, 'structure': ['sentence'], 'target_metrics': ['matthews_correlation']}, 'mnli': {'collection': 'glue', 'regression': False, 'structure': ['premise', 'hypothesis'], 'target_metrics': ['accuracy', 'accuracy_extra']}, 'mrpc': {'collection': 'glue', 'regression': False, 'structure': ['sentence1', 'sentence2'], 'target_metrics': ['f1']}, 'qnli': {'collection': 'glue', 'regression': False, 'structure': ['question', 'sentence'], 'target_metrics': ['accuracy']}, 'qqp': {'collection': 'glue', 'regression': False, 'structure': ['question1', 'question2'], 'target_metrics': ['f1']}, 'rte': {'collection': 'super_glue', 'regression': False, 'structure': ['premise', 'hypothesis'], 'target_metrics': ['accuracy']}, 'sst2': {'collection': 'glue', 'regression': False, 'structure': ['sentence'], 'target_metrics': ['accuracy']}, 'stsb': {'collection': 'glue', 'regression': True, 'structure': ['sentence1', 'sentence2'], 'target_metrics': ['pearson']}}	GLUE	validation	latest	/home/rostyslav/cramming/outputs/data	128	16	0		['bias', 'LayerNorm.bias', 'LayerNorm.weight', 'norm']	cosine-decay	{'name': 'none'}	True	5	267	0	1795	{'batch_size': 128}	{'classification_head': {'pooler': 'zero_index', 'include_ff_layer': True, 'nonlin': 'Tanh'}}
adamw_38	torch-default	latest					0:00:24.239640	512	4e-05	2	1371904811	/home/rostyslav/cramming/outputs	/home/rostyslav/cramming/outputs/data	adamw_38/downstream/2025-09-01/14-04-25	{'type': 'AdamW', 'lr': 4e-05, 'betas': [0.9, 0.98], 'eps': 1e-06, 'weight_decay': 0.0, 'amsgrad': False}	{'rte': {'collection': 'super_glue', 'regression': False, 'structure': ['premise', 'hypothesis'], 'target_metrics': ['accuracy']}}	GLUE	validation	latest	/home/rostyslav/cramming/outputs/data	128	512	0		['bias', 'LayerNorm.bias', 'LayerNorm.weight', 'norm']	cosine-decay	{'name': 'none'}	True	5	2	0	20	{'batch_size': 128}	{'classification_head': {'pooler': 'zero_index', 'include_ff_layer': True, 'nonlin': 'Tanh'}}
adamw_38	torch-default	latest					0:03:11.915273	512	4e-05	20	2306073782	/home/rostyslav/cramming/outputs	/home/rostyslav/cramming/outputs/data	adamw_38/downstream/2025-09-01/14-06-43	{'type': 'AdamW', 'lr': 4e-05, 'betas': [0.9, 0.98], 'eps': 1e-06, 'weight_decay': 0.0, 'amsgrad': False}	{'rte': {'collection': 'super_glue', 'regression': False, 'structure': ['premise', 'hypothesis'], 'target_metrics': ['accuracy']}}	GLUE	validation	latest	/home/rostyslav/cramming/outputs/data	128	512	0		['bias', 'LayerNorm.bias', 'LayerNorm.weight', 'norm']	cosine-decay	{'name': 'none'}	True	50	20	0	200	{'batch_size': 128}	{'classification_head': {'pooler': 'zero_index', 'include_ff_layer': True, 'nonlin': 'Tanh'}}
adamw_38	torch-default	latest					0:05:50.559800	16	4e-05	775	3013496672	/home/rostyslav/cramming/outputs	/home/rostyslav/cramming/outputs/data	adamw_38/downstream/2025-09-01/14-11-41	{'type': 'AdamW', 'lr': 4e-05, 'betas': [0.9, 0.98], 'eps': 1e-06, 'weight_decay': 0.0, 'amsgrad': False}	{'rte': {'collection': 'super_glue', 'regression': False, 'structure': ['premise', 'hypothesis'], 'target_metrics': ['accuracy']}}	GLUE	validation	latest	/home/rostyslav/cramming/outputs/data	128	16	0		['bias', 'LayerNorm.bias', 'LayerNorm.weight', 'norm']	cosine-decay	{'name': 'none'}	True	50	775	0	7750	{'batch_size': 128}	{'classification_head': {'pooler': 'zero_index', 'include_ff_layer': True, 'nonlin': 'Tanh'}}
adamw_38	torch-default	latest					0:01:42.168293	16	4e-05	267	135406721	/home/rostyslav/cramming/outputs	/home/rostyslav/cramming/outputs/data	adamw_38/downstream/2025-09-01/14-23-51	{'type': 'AdamW', 'lr': 4e-05, 'betas': [0.9, 0.98], 'eps': 1e-06, 'weight_decay': 0.0, 'amsgrad': False}	{'cola': {'collection': 'glue', 'regression': False, 'structure': ['sentence'], 'target_metrics': ['matthews_correlation']}}	GLUE	validation	latest	/home/rostyslav/cramming/outputs/data	128	16	0		['bias', 'LayerNorm.bias', 'LayerNorm.weight', 'norm']	cosine-decay	{'name': 'none'}	True	5	267	0	2670	{'batch_size': 128}	{'classification_head': {'pooler': 'zero_index', 'include_ff_layer': True, 'nonlin': 'Tanh'}}
adamw_38	torch-default	latest					0:02:40.202548	16	4e-05	267	2847937932	/home/rostyslav/cramming/outputs	/home/rostyslav/cramming/outputs/data	adamw_38/downstream/2025-09-01/14-29-55	{'type': 'AdamW+', 'lr': 4e-05, 'beta1': 0.9, 'beta2': 0.98, 'eps': 1e-06, 'weight_decay': 0.0, 'amsgrad': False, 'is_mask': False, 'is_lamb': False, 'weight_decouple': True, 'db_noise': -140}	{'cola': {'collection': 'glue', 'regression': False, 'structure': ['sentence'], 'target_metrics': ['matthews_correlation']}}	GLUE	validation	latest	/home/rostyslav/cramming/outputs/data	128	16	0		['bias', 'LayerNorm.bias', 'LayerNorm.weight', 'norm']	cosine-decay	{'name': 'none'}	True	5	267	0	2670	{'batch_size': 128}	{'classification_head': {'pooler': 'zero_index', 'include_ff_layer': True, 'nonlin': 'Tanh'}}
adamw_38	torch-default	latest					0:02:40.853603	16	4e-05	267	3361252637	/home/rostyslav/cramming/outputs	/home/rostyslav/cramming/outputs/data	adamw_38/downstream/2025-09-01/14-33-44	{'type': 'AdamW+', 'lr': 4e-05, 'beta1': 0.9, 'beta2': 0.98, 'eps': 1e-06, 'weight_decay': 0.0, 'amsgrad': False, 'is_mask': False, 'is_lamb': False, 'weight_decouple': True, 'db_noise': -140}	{'cola': {'collection': 'glue', 'regression': False, 'structure': ['sentence'], 'target_metrics': ['matthews_correlation']}}	GLUE	validation	latest	/home/rostyslav/cramming/outputs/data	128	16	0		['bias', 'LayerNorm.bias', 'LayerNorm.weight', 'norm']	cosine-decay	{'name': 'none'}	True	5	267	0	2670	{'batch_size': 128}	{'classification_head': {'pooler': 'zero_index', 'include_ff_layer': True, 'nonlin': 'Tanh'}}
adamw_38	torch-default	latest					0:02:42.478455	16	4e-05	267	2119026486	/home/rostyslav/cramming/outputs	/home/rostyslav/cramming/outputs/data	adamw_38/downstream/2025-09-01/14-36-43	{'type': 'AdamW+', 'lr': 4e-05, 'beta1': 0.9, 'beta2': 0.98, 'eps': 1e-06, 'weight_decay': 0.0, 'amsgrad': False, 'is_mask': False, 'is_lamb': False, 'weight_decouple': True, 'db_noise': -140}	{'cola': {'collection': 'glue', 'regression': False, 'structure': ['sentence'], 'target_metrics': ['matthews_correlation']}}	GLUE	validation	latest	/home/rostyslav/cramming/outputs/data	128	16	0		['bias', 'LayerNorm.bias', 'LayerNorm.weight', 'norm']	cosine-decay	{'name': 'none'}	True	5	267	0	2670	{'batch_size': 128}	{'classification_head': {'pooler': 'zero_index', 'include_ff_layer': True, 'nonlin': 'Tanh'}}
adamw_38	torch-default	latest					2:24:37.872920	16	4e-05	11370	4034609954	/home/rostyslav/cramming/outputs	/home/rostyslav/cramming/outputs/data	adamw_38/downstream/2025-09-01/17-54-33	{'type': 'AdamW+', 'lr': 4e-05, 'beta1': 0.9, 'beta2': 0.98, 'eps': 1e-06, 'weight_decay': 0.0, 'amsgrad': False, 'is_mask': False, 'is_lamb': False, 'weight_decouple': True, 'db_noise': -140}	{'qqp': {'collection': 'glue', 'regression': False, 'structure': ['question1', 'question2'], 'target_metrics': ['f1']}, 'rte': {'collection': 'super_glue', 'regression': False, 'structure': ['premise', 'hypothesis'], 'target_metrics': ['accuracy']}, 'sst2': {'collection': 'glue', 'regression': False, 'structure': ['sentence'], 'target_metrics': ['accuracy']}, 'stsb': {'collection': 'glue', 'regression': True, 'structure': ['sentence1', 'sentence2'], 'target_metrics': ['pearson']}}	GLUE	validation	latest	/home/rostyslav/cramming/outputs/data	128	16	0		['bias', 'LayerNorm.bias', 'LayerNorm.weight', 'norm']	cosine-decay	{'name': 'none'}	True	5	11370	0	1795	{'batch_size': 128}	{'classification_head': {'pooler': 'zero_index', 'include_ff_layer': True, 'nonlin': 'Tanh'}}
adamw_38	torch-default	latest					3:06:28.325049	16	4e-05	267	3621346781	/home/rostyslav/cramming/outputs	/home/rostyslav/cramming/outputs/data	adamw_38/downstream/2025-09-01/20-39-05	{'type': 'AdamW', 'lr': 4e-05, 'betas': [0.9, 0.98], 'eps': 1e-06, 'weight_decay': 0.0, 'amsgrad': False}	{'cola': {'collection': 'glue', 'regression': False, 'structure': ['sentence'], 'target_metrics': ['matthews_correlation']}, 'mnli': {'collection': 'glue', 'regression': False, 'structure': ['premise', 'hypothesis'], 'target_metrics': ['accuracy', 'accuracy_extra']}, 'mrpc': {'collection': 'glue', 'regression': False, 'structure': ['sentence1', 'sentence2'], 'target_metrics': ['f1']}, 'qnli': {'collection': 'glue', 'regression': False, 'structure': ['question', 'sentence'], 'target_metrics': ['accuracy']}, 'qqp': {'collection': 'glue', 'regression': False, 'structure': ['question1', 'question2'], 'target_metrics': ['f1']}, 'rte': {'collection': 'super_glue', 'regression': False, 'structure': ['premise', 'hypothesis'], 'target_metrics': ['accuracy']}, 'sst2': {'collection': 'glue', 'regression': False, 'structure': ['sentence'], 'target_metrics': ['accuracy']}, 'stsb': {'collection': 'glue', 'regression': True, 'structure': ['sentence1', 'sentence2'], 'target_metrics': ['pearson']}}	GLUE	validation	latest	/home/rostyslav/cramming/outputs/data	128	16	0		['bias', 'LayerNorm.bias', 'LayerNorm.weight', 'norm']	cosine-decay	{'name': 'none'}	True	5	267	0	1795	{'batch_size': 128}	{'classification_head': {'pooler': 'zero_index', 'include_ff_layer': True, 'nonlin': 'Tanh'}}
adamw_38	torch-default	latest					4:46:56.375885	16	4e-05	267	982868050	/home/rostyslav/cramming/outputs	/home/rostyslav/cramming/outputs/data	adamw_38/downstream/2025-09-02/10-15-32	{'type': 'AdamW+', 'lr': 4e-05, 'beta1': 0.9, 'beta2': 0.98, 'eps': 1e-06, 'weight_decay': 0.0, 'amsgrad': False, 'is_mask': False, 'is_lamb': False, 'weight_decouple': True, 'db_noise': -140}	{'cola': {'collection': 'glue', 'regression': False, 'structure': ['sentence'], 'target_metrics': ['matthews_correlation']}, 'mnli': {'collection': 'glue', 'regression': False, 'structure': ['premise', 'hypothesis'], 'target_metrics': ['accuracy', 'accuracy_extra']}, 'mrpc': {'collection': 'glue', 'regression': False, 'structure': ['sentence1', 'sentence2'], 'target_metrics': ['f1']}, 'qnli': {'collection': 'glue', 'regression': False, 'structure': ['question', 'sentence'], 'target_metrics': ['accuracy']}, 'qqp': {'collection': 'glue', 'regression': False, 'structure': ['question1', 'question2'], 'target_metrics': ['f1']}, 'rte': {'collection': 'super_glue', 'regression': False, 'structure': ['premise', 'hypothesis'], 'target_metrics': ['accuracy']}, 'sst2': {'collection': 'glue', 'regression': False, 'structure': ['sentence'], 'target_metrics': ['accuracy']}, 'stsb': {'collection': 'glue', 'regression': True, 'structure': ['sentence1', 'sentence2'], 'target_metrics': ['pearson']}}	GLUE	validation	latest	/home/rostyslav/cramming/outputs/data	128	16	0		['bias', 'LayerNorm.bias', 'LayerNorm.weight', 'norm']	cosine-decay	{'name': 'none'}	True	5	267	0	1795	{'batch_size': 128}	{'classification_head': {'pooler': 'zero_index', 'include_ff_layer': True, 'nonlin': 'Tanh'}}
adamw_38	torch-default	latest					2:57:48.260039	16	4e-05	267	2493693517	/home/rostyslav/cramming/outputs	/home/rostyslav/cramming/outputs/data	adamw_38/downstream/2025-09-02/19-51-39	{'type': 'AdamW', 'lr': 4e-05, 'betas': [0.9, 0.98], 'eps': 1e-06, 'weight_decay': 0.0, 'amsgrad': False}	{'cola': {'collection': 'glue', 'regression': False, 'structure': ['sentence'], 'target_metrics': ['matthews_correlation']}, 'mnli': {'collection': 'glue', 'regression': False, 'structure': ['premise', 'hypothesis'], 'target_metrics': ['accuracy', 'accuracy_extra']}, 'mrpc': {'collection': 'glue', 'regression': False, 'structure': ['sentence1', 'sentence2'], 'target_metrics': ['f1']}, 'qnli': {'collection': 'glue', 'regression': False, 'structure': ['question', 'sentence'], 'target_metrics': ['accuracy']}, 'qqp': {'collection': 'glue', 'regression': False, 'structure': ['question1', 'question2'], 'target_metrics': ['f1']}, 'rte': {'collection': 'super_glue', 'regression': False, 'structure': ['premise', 'hypothesis'], 'target_metrics': ['accuracy']}, 'sst2': {'collection': 'glue', 'regression': False, 'structure': ['sentence'], 'target_metrics': ['accuracy']}, 'stsb': {'collection': 'glue', 'regression': True, 'structure': ['sentence1', 'sentence2'], 'target_metrics': ['pearson']}}	GLUE	validation	latest	/home/rostyslav/cramming/outputs/data	128	16	0		['bias', 'LayerNorm.bias', 'LayerNorm.weight', 'norm']	cosine-decay	{'name': 'none'}	True	5	267	0	1795	{'batch_size': 128}	{'classification_head': {'pooler': 'zero_index', 'include_ff_layer': True, 'nonlin': 'Tanh'}}
adamw_38	torch-default	latest					4:45:29.983416	16	4e-05	267	1082329710	/home/rostyslav/cramming/outputs	/home/rostyslav/cramming/outputs/data	adamw_38/downstream/2025-09-02/23-58-35	{'type': 'AdamW+', 'lr': 4e-05, 'beta1': 0.9, 'beta2': 0.98, 'eps': 1e-06, 'weight_decay': 0.0, 'amsgrad': False, 'is_mask': False, 'is_lamb': False, 'weight_decouple': True, 'db_noise': -140}	{'cola': {'collection': 'glue', 'regression': False, 'structure': ['sentence'], 'target_metrics': ['matthews_correlation']}, 'mnli': {'collection': 'glue', 'regression': False, 'structure': ['premise', 'hypothesis'], 'target_metrics': ['accuracy', 'accuracy_extra']}, 'mrpc': {'collection': 'glue', 'regression': False, 'structure': ['sentence1', 'sentence2'], 'target_metrics': ['f1']}, 'qnli': {'collection': 'glue', 'regression': False, 'structure': ['question', 'sentence'], 'target_metrics': ['accuracy']}, 'qqp': {'collection': 'glue', 'regression': False, 'structure': ['question1', 'question2'], 'target_metrics': ['f1']}, 'rte': {'collection': 'super_glue', 'regression': False, 'structure': ['premise', 'hypothesis'], 'target_metrics': ['accuracy']}, 'sst2': {'collection': 'glue', 'regression': False, 'structure': ['sentence'], 'target_metrics': ['accuracy']}, 'stsb': {'collection': 'glue', 'regression': True, 'structure': ['sentence1', 'sentence2'], 'target_metrics': ['pearson']}}	GLUE	validation	latest	/home/rostyslav/cramming/outputs/data	128	16	0		['bias', 'LayerNorm.bias', 'LayerNorm.weight', 'norm']	cosine-decay	{'name': 'none'}	True	5	267	0	1795	{'batch_size': 128}	{'classification_head': {'pooler': 'zero_index', 'include_ff_layer': True, 'nonlin': 'Tanh'}}
adamw_38	torch-default	latest					2:56:24.951079	16	4e-05	267	3216358195	/home/rostyslav/cramming/outputs	/home/rostyslav/cramming/outputs/data	adamw_38/downstream/2025-09-03/09-11-41	{'type': 'AdamW', 'lr': 4e-05, 'betas': [0.9, 0.98], 'eps': 1e-06, 'weight_decay': 0.0, 'amsgrad': False}	{'cola': {'collection': 'glue', 'regression': False, 'structure': ['sentence'], 'target_metrics': ['matthews_correlation']}, 'mnli': {'collection': 'glue', 'regression': False, 'structure': ['premise', 'hypothesis'], 'target_metrics': ['accuracy', 'accuracy_extra']}, 'mrpc': {'collection': 'glue', 'regression': False, 'structure': ['sentence1', 'sentence2'], 'target_metrics': ['f1']}, 'qnli': {'collection': 'glue', 'regression': False, 'structure': ['question', 'sentence'], 'target_metrics': ['accuracy']}, 'qqp': {'collection': 'glue', 'regression': False, 'structure': ['question1', 'question2'], 'target_metrics': ['f1']}, 'rte': {'collection': 'super_glue', 'regression': False, 'structure': ['premise', 'hypothesis'], 'target_metrics': ['accuracy']}, 'sst2': {'collection': 'glue', 'regression': False, 'structure': ['sentence'], 'target_metrics': ['accuracy']}, 'stsb': {'collection': 'glue', 'regression': True, 'structure': ['sentence1', 'sentence2'], 'target_metrics': ['pearson']}}	GLUE	validation	latest	/home/rostyslav/cramming/outputs/data	128	16	0		['bias', 'LayerNorm.bias', 'LayerNorm.weight', 'norm']	cosine-decay	{'name': 'none'}	True	5	267	0	1795	{'batch_size': 128}	{'classification_head': {'pooler': 'zero_index', 'include_ff_layer': True, 'nonlin': 'Tanh'}}
adamw_38	torch-default	latest					2:58:26.373052	16	4e-05	267	1043205169	/home/rostyslav/cramming/outputs	/home/rostyslav/cramming/outputs/data	adamw_38/downstream/2025-09-03/22-48-28	{'type': 'AdamW', 'lr': 4e-05, 'betas': [0.9, 0.98], 'eps': 1e-06, 'weight_decay': 0.0, 'amsgrad': False}	{'cola': {'collection': 'glue', 'regression': False, 'structure': ['sentence'], 'target_metrics': ['matthews_correlation']}, 'mnli': {'collection': 'glue', 'regression': False, 'structure': ['premise', 'hypothesis'], 'target_metrics': ['accuracy', 'accuracy_extra']}, 'mrpc': {'collection': 'glue', 'regression': False, 'structure': ['sentence1', 'sentence2'], 'target_metrics': ['f1']}, 'qnli': {'collection': 'glue', 'regression': False, 'structure': ['question', 'sentence'], 'target_metrics': ['accuracy']}, 'qqp': {'collection': 'glue', 'regression': False, 'structure': ['question1', 'question2'], 'target_metrics': ['f1']}, 'rte': {'collection': 'super_glue', 'regression': False, 'structure': ['premise', 'hypothesis'], 'target_metrics': ['accuracy']}, 'sst2': {'collection': 'glue', 'regression': False, 'structure': ['sentence'], 'target_metrics': ['accuracy']}, 'stsb': {'collection': 'glue', 'regression': True, 'structure': ['sentence1', 'sentence2'], 'target_metrics': ['pearson']}}	GLUE	validation	latest	/home/rostyslav/cramming/outputs/data	128	16	0		['bias', 'LayerNorm.bias', 'LayerNorm.weight', 'norm']	cosine-decay	{'name': 'none'}	True	5	267	0	1795	{'batch_size': 128}	{'classification_head': {'pooler': 'zero_index', 'include_ff_layer': True, 'nonlin': 'Tanh'}}
adamw_38	torch-default	latest					4:43:15.376774	16	4e-05	267	3558121596	/home/rostyslav/cramming/outputs	/home/rostyslav/cramming/outputs/data	adamw_38/downstream/2025-09-03/22-48-59	{'type': 'AdamW+', 'lr': 4e-05, 'beta1': 0.9, 'beta2': 0.98, 'eps': 1e-06, 'weight_decay': 0.0, 'amsgrad': False, 'is_mask': False, 'is_lamb': False, 'weight_decouple': True, 'db_noise': -140}	{'cola': {'collection': 'glue', 'regression': False, 'structure': ['sentence'], 'target_metrics': ['matthews_correlation']}, 'mnli': {'collection': 'glue', 'regression': False, 'structure': ['premise', 'hypothesis'], 'target_metrics': ['accuracy', 'accuracy_extra']}, 'mrpc': {'collection': 'glue', 'regression': False, 'structure': ['sentence1', 'sentence2'], 'target_metrics': ['f1']}, 'qnli': {'collection': 'glue', 'regression': False, 'structure': ['question', 'sentence'], 'target_metrics': ['accuracy']}, 'qqp': {'collection': 'glue', 'regression': False, 'structure': ['question1', 'question2'], 'target_metrics': ['f1']}, 'rte': {'collection': 'super_glue', 'regression': False, 'structure': ['premise', 'hypothesis'], 'target_metrics': ['accuracy']}, 'sst2': {'collection': 'glue', 'regression': False, 'structure': ['sentence'], 'target_metrics': ['accuracy']}, 'stsb': {'collection': 'glue', 'regression': True, 'structure': ['sentence1', 'sentence2'], 'target_metrics': ['pearson']}}	GLUE	validation	latest	/home/rostyslav/cramming/outputs/data	128	16	0		['bias', 'LayerNorm.bias', 'LayerNorm.weight', 'norm']	cosine-decay	{'name': 'none'}	True	5	267	0	1795	{'batch_size': 128}	{'classification_head': {'pooler': 'zero_index', 'include_ff_layer': True, 'nonlin': 'Tanh'}}
adamw_38	torch-default	latest					4:47:39.868145	16	4e-05	267	3183534450	/home/rostyslav/cramming/outputs	/home/rostyslav/cramming/outputs/data	adamw_38/downstream/2025-09-06/08-53-51	{'type': 'AdamW', 'lr': 4e-05, 'betas': [0.9, 0.98], 'eps': 1e-06, 'weight_decay': 0.0, 'amsgrad': False}	{'cola': {'collection': 'glue', 'regression': False, 'structure': ['sentence'], 'target_metrics': ['matthews_correlation']}, 'mnli': {'collection': 'glue', 'regression': False, 'structure': ['premise', 'hypothesis'], 'target_metrics': ['accuracy', 'accuracy_extra']}, 'mrpc': {'collection': 'glue', 'regression': False, 'structure': ['sentence1', 'sentence2'], 'target_metrics': ['f1']}, 'qnli': {'collection': 'glue', 'regression': False, 'structure': ['question', 'sentence'], 'target_metrics': ['accuracy']}, 'qqp': {'collection': 'glue', 'regression': False, 'structure': ['question1', 'question2'], 'target_metrics': ['f1']}, 'rte': {'collection': 'super_glue', 'regression': False, 'structure': ['premise', 'hypothesis'], 'target_metrics': ['accuracy']}, 'sst2': {'collection': 'glue', 'regression': False, 'structure': ['sentence'], 'target_metrics': ['accuracy']}, 'stsb': {'collection': 'glue', 'regression': True, 'structure': ['sentence1', 'sentence2'], 'target_metrics': ['pearson']}}	GLUE	validation	latest	/home/rostyslav/cramming/outputs/data	128	16	0		['bias', 'LayerNorm.bias', 'LayerNorm.weight', 'norm']	cosine-decay	{'name': 'none'}	True	5	267	0	1795	{'batch_size': 128}	{'classification_head': {'pooler': 'zero_index', 'include_ff_layer': True, 'nonlin': 'Tanh'}}
adamw_38	torch-default	latest					7:29:17.147661	16	4e-05	267	1884694190	/home/rostyslav/cramming/outputs	/home/rostyslav/cramming/outputs/data	adamw_38/downstream/2025-09-06/08-56-14	{'type': 'AdamW+', 'lr': 4e-05, 'beta1': 0.9, 'beta2': 0.98, 'eps': 1e-06, 'weight_decay': 0.0, 'amsgrad': False, 'is_mask': False, 'is_lamb': False, 'weight_decouple': True, 'db_noise': -140}	{'cola': {'collection': 'glue', 'regression': False, 'structure': ['sentence'], 'target_metrics': ['matthews_correlation']}, 'mnli': {'collection': 'glue', 'regression': False, 'structure': ['premise', 'hypothesis'], 'target_metrics': ['accuracy', 'accuracy_extra']}, 'mrpc': {'collection': 'glue', 'regression': False, 'structure': ['sentence1', 'sentence2'], 'target_metrics': ['f1']}, 'qnli': {'collection': 'glue', 'regression': False, 'structure': ['question', 'sentence'], 'target_metrics': ['accuracy']}, 'qqp': {'collection': 'glue', 'regression': False, 'structure': ['question1', 'question2'], 'target_metrics': ['f1']}, 'rte': {'collection': 'super_glue', 'regression': False, 'structure': ['premise', 'hypothesis'], 'target_metrics': ['accuracy']}, 'sst2': {'collection': 'glue', 'regression': False, 'structure': ['sentence'], 'target_metrics': ['accuracy']}, 'stsb': {'collection': 'glue', 'regression': True, 'structure': ['sentence1', 'sentence2'], 'target_metrics': ['pearson']}}	GLUE	validation	latest	/home/rostyslav/cramming/outputs/data	128	16	0		['bias', 'LayerNorm.bias', 'LayerNorm.weight', 'norm']	cosine-decay	{'name': 'none'}	True	5	267	0	1795	{'batch_size': 128}	{'classification_head': {'pooler': 'zero_index', 'include_ff_layer': True, 'nonlin': 'Tanh'}}
adamw_38	torch-default	latest					2:58:14.518244	16	4e-05	267	2665481919	/home/rostyslav/cramming/outputs	/home/rostyslav/cramming/outputs/data	adamw_38/downstream/2025-09-08/09-17-26	{'type': 'AdamW', 'lr': 4e-05, 'betas': [0.9, 0.98], 'eps': 1e-06, 'weight_decay': 0.0, 'amsgrad': False}	{'cola': {'collection': 'glue', 'regression': False, 'structure': ['sentence'], 'target_metrics': ['matthews_correlation']}, 'mnli': {'collection': 'glue', 'regression': False, 'structure': ['premise', 'hypothesis'], 'target_metrics': ['accuracy', 'accuracy_extra']}, 'mrpc': {'collection': 'glue', 'regression': False, 'structure': ['sentence1', 'sentence2'], 'target_metrics': ['f1']}, 'qnli': {'collection': 'glue', 'regression': False, 'structure': ['question', 'sentence'], 'target_metrics': ['accuracy']}, 'qqp': {'collection': 'glue', 'regression': False, 'structure': ['question1', 'question2'], 'target_metrics': ['f1']}, 'rte': {'collection': 'super_glue', 'regression': False, 'structure': ['premise', 'hypothesis'], 'target_metrics': ['accuracy']}, 'sst2': {'collection': 'glue', 'regression': False, 'structure': ['sentence'], 'target_metrics': ['accuracy']}, 'stsb': {'collection': 'glue', 'regression': True, 'structure': ['sentence1', 'sentence2'], 'target_metrics': ['pearson']}}	GLUE	validation	latest	/home/rostyslav/cramming/outputs/data	128	16	0		['bias', 'LayerNorm.bias', 'LayerNorm.weight', 'norm']	cosine-decay	{'name': 'none'}	True	5	267	0	1795	{'batch_size': 128}	{'classification_head': {'pooler': 'zero_index', 'include_ff_layer': True, 'nonlin': 'Tanh'}}
adamw_38	torch-default	latest					4:36:37.090008	16	4e-05	267	2083208324	/home/rostyslav/cramming/outputs	/home/rostyslav/cramming/outputs/data	adamw_38/downstream/2025-09-08/09-16-40	{'type': 'AdamW+', 'lr': 4e-05, 'beta1': 0.9, 'beta2': 0.98, 'eps': 1e-06, 'weight_decay': 0.0, 'amsgrad': False, 'is_mask': False, 'is_lamb': False, 'weight_decouple': True, 'db_noise': -140}	{'cola': {'collection': 'glue', 'regression': False, 'structure': ['sentence'], 'target_metrics': ['matthews_correlation']}, 'mnli': {'collection': 'glue', 'regression': False, 'structure': ['premise', 'hypothesis'], 'target_metrics': ['accuracy', 'accuracy_extra']}, 'mrpc': {'collection': 'glue', 'regression': False, 'structure': ['sentence1', 'sentence2'], 'target_metrics': ['f1']}, 'qnli': {'collection': 'glue', 'regression': False, 'structure': ['question', 'sentence'], 'target_metrics': ['accuracy']}, 'qqp': {'collection': 'glue', 'regression': False, 'structure': ['question1', 'question2'], 'target_metrics': ['f1']}, 'rte': {'collection': 'super_glue', 'regression': False, 'structure': ['premise', 'hypothesis'], 'target_metrics': ['accuracy']}, 'sst2': {'collection': 'glue', 'regression': False, 'structure': ['sentence'], 'target_metrics': ['accuracy']}, 'stsb': {'collection': 'glue', 'regression': True, 'structure': ['sentence1', 'sentence2'], 'target_metrics': ['pearson']}}	GLUE	validation	latest	/home/rostyslav/cramming/outputs/data	128	16	0		['bias', 'LayerNorm.bias', 'LayerNorm.weight', 'norm']	cosine-decay	{'name': 'none'}	True	5	267	0	1795	{'batch_size': 128}	{'classification_head': {'pooler': 'zero_index', 'include_ff_layer': True, 'nonlin': 'Tanh'}}
adamw_38	torch-default	latest					3:39:26.657708	16	4e-05	267	2792104948	/home/rostyslav/cramming/outputs	/home/rostyslav/cramming/outputs/data	adamw_38/downstream/2025-09-10/10-04-34	{'type': 'AdamW', 'lr': 4e-05, 'betas': [0.9, 0.98], 'eps': 1e-06, 'weight_decay': 0.0, 'amsgrad': False}	{'cola': {'collection': 'glue', 'regression': False, 'structure': ['sentence'], 'target_metrics': ['matthews_correlation']}, 'mnli': {'collection': 'glue', 'regression': False, 'structure': ['premise', 'hypothesis'], 'target_metrics': ['accuracy', 'accuracy_extra']}, 'mrpc': {'collection': 'glue', 'regression': False, 'structure': ['sentence1', 'sentence2'], 'target_metrics': ['f1']}, 'qnli': {'collection': 'glue', 'regression': False, 'structure': ['question', 'sentence'], 'target_metrics': ['accuracy']}, 'qqp': {'collection': 'glue', 'regression': False, 'structure': ['question1', 'question2'], 'target_metrics': ['f1']}, 'rte': {'collection': 'super_glue', 'regression': False, 'structure': ['premise', 'hypothesis'], 'target_metrics': ['accuracy']}, 'sst2': {'collection': 'glue', 'regression': False, 'structure': ['sentence'], 'target_metrics': ['accuracy']}, 'stsb': {'collection': 'glue', 'regression': True, 'structure': ['sentence1', 'sentence2'], 'target_metrics': ['pearson']}}	GLUE	validation	latest	/home/rostyslav/cramming/outputs/data	128	16	0		['bias', 'LayerNorm.bias', 'LayerNorm.weight', 'norm']	cosine-decay	{'name': 'none'}	True	5	267	0	1795	{'batch_size': 128}	{'classification_head': {'pooler': 'zero_index', 'include_ff_layer': True, 'nonlin': 'Tanh'}}
adamw_38	torch-default	latest					5:36:13.360116	16	4e-05	267	987140954	/home/rostyslav/cramming/outputs	/home/rostyslav/cramming/outputs/data	adamw_38/downstream/2025-09-10/10-05-13	{'type': 'AdamW+', 'lr': 4e-05, 'beta1': 0.9, 'beta2': 0.98, 'eps': 1e-06, 'weight_decay': 0.0, 'amsgrad': False, 'is_mask': False, 'is_lamb': False, 'weight_decouple': True, 'db_noise': -140}	{'cola': {'collection': 'glue', 'regression': False, 'structure': ['sentence'], 'target_metrics': ['matthews_correlation']}, 'mnli': {'collection': 'glue', 'regression': False, 'structure': ['premise', 'hypothesis'], 'target_metrics': ['accuracy', 'accuracy_extra']}, 'mrpc': {'collection': 'glue', 'regression': False, 'structure': ['sentence1', 'sentence2'], 'target_metrics': ['f1']}, 'qnli': {'collection': 'glue', 'regression': False, 'structure': ['question', 'sentence'], 'target_metrics': ['accuracy']}, 'qqp': {'collection': 'glue', 'regression': False, 'structure': ['question1', 'question2'], 'target_metrics': ['f1']}, 'rte': {'collection': 'super_glue', 'regression': False, 'structure': ['premise', 'hypothesis'], 'target_metrics': ['accuracy']}, 'sst2': {'collection': 'glue', 'regression': False, 'structure': ['sentence'], 'target_metrics': ['accuracy']}, 'stsb': {'collection': 'glue', 'regression': True, 'structure': ['sentence1', 'sentence2'], 'target_metrics': ['pearson']}}	GLUE	validation	latest	/home/rostyslav/cramming/outputs/data	128	16	0		['bias', 'LayerNorm.bias', 'LayerNorm.weight', 'norm']	cosine-decay	{'name': 'none'}	True	5	267	0	1795	{'batch_size': 128}	{'classification_head': {'pooler': 'zero_index', 'include_ff_layer': True, 'nonlin': 'Tanh'}}
adamw_38	torch-default	latest					3:37:04.516461	16	4e-05	267	708758864	/home/rostyslav/cramming/outputs	/home/rostyslav/cramming/outputs/data	adamw_38/downstream/2025-09-10/14-46-04	{'type': 'AdamW', 'lr': 4e-05, 'betas': [0.9, 0.98], 'eps': 1e-06, 'weight_decay': 0.0, 'amsgrad': False}	{'cola': {'collection': 'glue', 'regression': False, 'structure': ['sentence'], 'target_metrics': ['matthews_correlation']}, 'mnli': {'collection': 'glue', 'regression': False, 'structure': ['premise', 'hypothesis'], 'target_metrics': ['accuracy', 'accuracy_extra']}, 'mrpc': {'collection': 'glue', 'regression': False, 'structure': ['sentence1', 'sentence2'], 'target_metrics': ['f1']}, 'qnli': {'collection': 'glue', 'regression': False, 'structure': ['question', 'sentence'], 'target_metrics': ['accuracy']}, 'qqp': {'collection': 'glue', 'regression': False, 'structure': ['question1', 'question2'], 'target_metrics': ['f1']}, 'rte': {'collection': 'super_glue', 'regression': False, 'structure': ['premise', 'hypothesis'], 'target_metrics': ['accuracy']}, 'sst2': {'collection': 'glue', 'regression': False, 'structure': ['sentence'], 'target_metrics': ['accuracy']}, 'stsb': {'collection': 'glue', 'regression': True, 'structure': ['sentence1', 'sentence2'], 'target_metrics': ['pearson']}}	GLUE	validation	latest	/home/rostyslav/cramming/outputs/data	128	16	0		['bias', 'LayerNorm.bias', 'LayerNorm.weight', 'norm']	cosine-decay	{'name': 'none'}	True	5	267	0	1795	{'batch_size': 128}	{'classification_head': {'pooler': 'zero_index', 'include_ff_layer': True, 'nonlin': 'Tanh'}}
adamw_38	torch-default	latest					5:36:35.360647	16	4e-05	267	1188872165	/home/rostyslav/cramming/outputs	/home/rostyslav/cramming/outputs/data	adamw_38/downstream/2025-09-10/14-45-33	{'type': 'AdamW+', 'lr': 4e-05, 'beta1': 0.9, 'beta2': 0.98, 'eps': 1e-06, 'weight_decay': 0.0, 'amsgrad': False, 'is_mask': False, 'is_lamb': False, 'weight_decouple': True, 'db_noise': -140}	{'cola': {'collection': 'glue', 'regression': False, 'structure': ['sentence'], 'target_metrics': ['matthews_correlation']}, 'mnli': {'collection': 'glue', 'regression': False, 'structure': ['premise', 'hypothesis'], 'target_metrics': ['accuracy', 'accuracy_extra']}, 'mrpc': {'collection': 'glue', 'regression': False, 'structure': ['sentence1', 'sentence2'], 'target_metrics': ['f1']}, 'qnli': {'collection': 'glue', 'regression': False, 'structure': ['question', 'sentence'], 'target_metrics': ['accuracy']}, 'qqp': {'collection': 'glue', 'regression': False, 'structure': ['question1', 'question2'], 'target_metrics': ['f1']}, 'rte': {'collection': 'super_glue', 'regression': False, 'structure': ['premise', 'hypothesis'], 'target_metrics': ['accuracy']}, 'sst2': {'collection': 'glue', 'regression': False, 'structure': ['sentence'], 'target_metrics': ['accuracy']}, 'stsb': {'collection': 'glue', 'regression': True, 'structure': ['sentence1', 'sentence2'], 'target_metrics': ['pearson']}}	GLUE	validation	latest	/home/rostyslav/cramming/outputs/data	128	16	0		['bias', 'LayerNorm.bias', 'LayerNorm.weight', 'norm']	cosine-decay	{'name': 'none'}	True	5	267	0	1795	{'batch_size': 128}	{'classification_head': {'pooler': 'zero_index', 'include_ff_layer': True, 'nonlin': 'Tanh'}}
bert-finetuning	torch-default	hf://bert-base-uncased					2:51:22.035074	16	4e-05	267	3585961276	/home/rostyslav/cramming/outputs	/home/rostyslav/cramming/outputs/data	bert-finetuning/downstream/2025-09-25/16-21-21	{'type': 'AdamW', 'lr': 4e-05, 'betas': [0.9, 0.98], 'eps': 1e-06, 'weight_decay': 0.0, 'amsgrad': False}	{'cola': {'collection': 'glue', 'regression': False, 'structure': ['sentence'], 'target_metrics': ['matthews_correlation']}, 'mnli': {'collection': 'glue', 'regression': False, 'structure': ['premise', 'hypothesis'], 'target_metrics': ['accuracy', 'accuracy_extra']}, 'mrpc': {'collection': 'glue', 'regression': False, 'structure': ['sentence1', 'sentence2'], 'target_metrics': ['f1']}, 'qnli': {'collection': 'glue', 'regression': False, 'structure': ['question', 'sentence'], 'target_metrics': ['accuracy']}, 'qqp': {'collection': 'glue', 'regression': False, 'structure': ['question1', 'question2'], 'target_metrics': ['f1']}, 'rte': {'collection': 'super_glue', 'regression': False, 'structure': ['premise', 'hypothesis'], 'target_metrics': ['accuracy']}, 'sst2': {'collection': 'glue', 'regression': False, 'structure': ['sentence'], 'target_metrics': ['accuracy']}, 'stsb': {'collection': 'glue', 'regression': True, 'structure': ['sentence1', 'sentence2'], 'target_metrics': ['pearson']}}	GLUE	validation	hf://bert-base-uncased	/home/rostyslav/cramming/outputs/data	128	16	0		['bias', 'LayerNorm.bias', 'LayerNorm.weight', 'norm']	cosine-decay	{'name': 'none'}	True	5	267	0	1795	{'batch_size': 128}	{'classification_head': {'pooler': 'zero_index', 'include_ff_layer': True, 'nonlin': 'Tanh'}}
bert-finetuning-adamw+	torch-default	hf://bert-base-uncased					5:23:27.767645	16	4e-05	267	1761493060	/home/rostyslav/cramming/outputs	/home/rostyslav/cramming/outputs/data	bert-finetuning-adamw+/downstream/2025-09-25/16-22-26	{'type': 'AdamW+', 'lr': 4e-05, 'beta1': 0.9, 'beta2': 0.98, 'eps': 1e-06, 'weight_decay': 0.0, 'amsgrad': False, 'is_mask': False, 'is_lamb': False, 'weight_decouple': True, 'db_noise': -140}	{'cola': {'collection': 'glue', 'regression': False, 'structure': ['sentence'], 'target_metrics': ['matthews_correlation']}, 'mnli': {'collection': 'glue', 'regression': False, 'structure': ['premise', 'hypothesis'], 'target_metrics': ['accuracy', 'accuracy_extra']}, 'mrpc': {'collection': 'glue', 'regression': False, 'structure': ['sentence1', 'sentence2'], 'target_metrics': ['f1']}, 'qnli': {'collection': 'glue', 'regression': False, 'structure': ['question', 'sentence'], 'target_metrics': ['accuracy']}, 'qqp': {'collection': 'glue', 'regression': False, 'structure': ['question1', 'question2'], 'target_metrics': ['f1']}, 'rte': {'collection': 'super_glue', 'regression': False, 'structure': ['premise', 'hypothesis'], 'target_metrics': ['accuracy']}, 'sst2': {'collection': 'glue', 'regression': False, 'structure': ['sentence'], 'target_metrics': ['accuracy']}, 'stsb': {'collection': 'glue', 'regression': True, 'structure': ['sentence1', 'sentence2'], 'target_metrics': ['pearson']}}	GLUE	validation	hf://bert-base-uncased	/home/rostyslav/cramming/outputs/data	128	16	0		['bias', 'LayerNorm.bias', 'LayerNorm.weight', 'norm']	cosine-decay	{'name': 'none'}	True	5	267	0	1795	{'batch_size': 128}	{'classification_head': {'pooler': 'zero_index', 'include_ff_layer': True, 'nonlin': 'Tanh'}}
bert-finetuning-adamw	torch-default	hf://bert-base-uncased					2:56:45.521990	16	4e-05	267	1477254941	/home/rostyslav/cramming/outputs	/home/rostyslav/cramming/outputs/data	bert-finetuning-adamw/downstream/2025-09-25/22-54-25	{'type': 'AdamW', 'lr': 4e-05, 'betas': [0.9, 0.98], 'eps': 1e-06, 'weight_decay': 0.0, 'amsgrad': False}	{'cola': {'collection': 'glue', 'regression': False, 'structure': ['sentence'], 'target_metrics': ['matthews_correlation']}, 'mnli': {'collection': 'glue', 'regression': False, 'structure': ['premise', 'hypothesis'], 'target_metrics': ['accuracy', 'accuracy_extra']}, 'mrpc': {'collection': 'glue', 'regression': False, 'structure': ['sentence1', 'sentence2'], 'target_metrics': ['f1']}, 'qnli': {'collection': 'glue', 'regression': False, 'structure': ['question', 'sentence'], 'target_metrics': ['accuracy']}, 'qqp': {'collection': 'glue', 'regression': False, 'structure': ['question1', 'question2'], 'target_metrics': ['f1']}, 'rte': {'collection': 'super_glue', 'regression': False, 'structure': ['premise', 'hypothesis'], 'target_metrics': ['accuracy']}, 'sst2': {'collection': 'glue', 'regression': False, 'structure': ['sentence'], 'target_metrics': ['accuracy']}, 'stsb': {'collection': 'glue', 'regression': True, 'structure': ['sentence1', 'sentence2'], 'target_metrics': ['pearson']}}	GLUE	validation	hf://bert-base-uncased	/home/rostyslav/cramming/outputs/data	128	16	0		['bias', 'LayerNorm.bias', 'LayerNorm.weight', 'norm']	cosine-decay	{'name': 'none'}	True	5	267	0	1795	{'batch_size': 128}	{'classification_head': {'pooler': 'zero_index', 'include_ff_layer': True, 'nonlin': 'Tanh'}}
bert-finetuning-adamw	torch-default	hf://bert-base-uncased					3:00:22.561642	16	4e-05	267	4079492890	/home/rostyslav/cramming/outputs	/home/rostyslav/cramming/outputs/data	bert-finetuning-adamw/downstream/2025-09-26/01-51-16	{'type': 'AdamW', 'lr': 4e-05, 'betas': [0.9, 0.98], 'eps': 1e-06, 'weight_decay': 0.0, 'amsgrad': False}	{'cola': {'collection': 'glue', 'regression': False, 'structure': ['sentence'], 'target_metrics': ['matthews_correlation']}, 'mnli': {'collection': 'glue', 'regression': False, 'structure': ['premise', 'hypothesis'], 'target_metrics': ['accuracy', 'accuracy_extra']}, 'mrpc': {'collection': 'glue', 'regression': False, 'structure': ['sentence1', 'sentence2'], 'target_metrics': ['f1']}, 'qnli': {'collection': 'glue', 'regression': False, 'structure': ['question', 'sentence'], 'target_metrics': ['accuracy']}, 'qqp': {'collection': 'glue', 'regression': False, 'structure': ['question1', 'question2'], 'target_metrics': ['f1']}, 'rte': {'collection': 'super_glue', 'regression': False, 'structure': ['premise', 'hypothesis'], 'target_metrics': ['accuracy']}, 'sst2': {'collection': 'glue', 'regression': False, 'structure': ['sentence'], 'target_metrics': ['accuracy']}, 'stsb': {'collection': 'glue', 'regression': True, 'structure': ['sentence1', 'sentence2'], 'target_metrics': ['pearson']}}	GLUE	validation	hf://bert-base-uncased	/home/rostyslav/cramming/outputs/data	128	16	0		['bias', 'LayerNorm.bias', 'LayerNorm.weight', 'norm']	cosine-decay	{'name': 'none'}	True	5	267	0	1795	{'batch_size': 128}	{'classification_head': {'pooler': 'zero_index', 'include_ff_layer': True, 'nonlin': 'Tanh'}}
bert-finetuning-adamw	torch-default	hf://bert-base-uncased					2:51:17.176771	16	4e-05	267	445580948	/home/rostyslav/cramming/outputs	/home/rostyslav/cramming/outputs/data	bert-finetuning-adamw/downstream/2025-09-26/04-51-45	{'type': 'AdamW', 'lr': 4e-05, 'betas': [0.9, 0.98], 'eps': 1e-06, 'weight_decay': 0.0, 'amsgrad': False}	{'cola': {'collection': 'glue', 'regression': False, 'structure': ['sentence'], 'target_metrics': ['matthews_correlation']}, 'mnli': {'collection': 'glue', 'regression': False, 'structure': ['premise', 'hypothesis'], 'target_metrics': ['accuracy', 'accuracy_extra']}, 'mrpc': {'collection': 'glue', 'regression': False, 'structure': ['sentence1', 'sentence2'], 'target_metrics': ['f1']}, 'qnli': {'collection': 'glue', 'regression': False, 'structure': ['question', 'sentence'], 'target_metrics': ['accuracy']}, 'qqp': {'collection': 'glue', 'regression': False, 'structure': ['question1', 'question2'], 'target_metrics': ['f1']}, 'rte': {'collection': 'super_glue', 'regression': False, 'structure': ['premise', 'hypothesis'], 'target_metrics': ['accuracy']}, 'sst2': {'collection': 'glue', 'regression': False, 'structure': ['sentence'], 'target_metrics': ['accuracy']}, 'stsb': {'collection': 'glue', 'regression': True, 'structure': ['sentence1', 'sentence2'], 'target_metrics': ['pearson']}}	GLUE	validation	hf://bert-base-uncased	/home/rostyslav/cramming/outputs/data	128	16	0		['bias', 'LayerNorm.bias', 'LayerNorm.weight', 'norm']	cosine-decay	{'name': 'none'}	True	5	267	0	1795	{'batch_size': 128}	{'classification_head': {'pooler': 'zero_index', 'include_ff_layer': True, 'nonlin': 'Tanh'}}
bert-finetuning-adamw	torch-default	hf://bert-base-uncased					2:51:03.985844	16	4e-05	267	19763668	/home/rostyslav/cramming/outputs	/home/rostyslav/cramming/outputs/data	bert-finetuning-adamw/downstream/2025-09-26/07-43-08	{'type': 'AdamW', 'lr': 4e-05, 'betas': [0.9, 0.98], 'eps': 1e-06, 'weight_decay': 0.0, 'amsgrad': False}	{'cola': {'collection': 'glue', 'regression': False, 'structure': ['sentence'], 'target_metrics': ['matthews_correlation']}, 'mnli': {'collection': 'glue', 'regression': False, 'structure': ['premise', 'hypothesis'], 'target_metrics': ['accuracy', 'accuracy_extra']}, 'mrpc': {'collection': 'glue', 'regression': False, 'structure': ['sentence1', 'sentence2'], 'target_metrics': ['f1']}, 'qnli': {'collection': 'glue', 'regression': False, 'structure': ['question', 'sentence'], 'target_metrics': ['accuracy']}, 'qqp': {'collection': 'glue', 'regression': False, 'structure': ['question1', 'question2'], 'target_metrics': ['f1']}, 'rte': {'collection': 'super_glue', 'regression': False, 'structure': ['premise', 'hypothesis'], 'target_metrics': ['accuracy']}, 'sst2': {'collection': 'glue', 'regression': False, 'structure': ['sentence'], 'target_metrics': ['accuracy']}, 'stsb': {'collection': 'glue', 'regression': True, 'structure': ['sentence1', 'sentence2'], 'target_metrics': ['pearson']}}	GLUE	validation	hf://bert-base-uncased	/home/rostyslav/cramming/outputs/data	128	16	0		['bias', 'LayerNorm.bias', 'LayerNorm.weight', 'norm']	cosine-decay	{'name': 'none'}	True	5	267	0	1795	{'batch_size': 128}	{'classification_head': {'pooler': 'zero_index', 'include_ff_layer': True, 'nonlin': 'Tanh'}}
bert-finetuning-adamw+	torch-default	hf://bert-base-uncased					5:19:08.326987	16	4e-05	267	2943881647	/home/rostyslav/cramming/outputs	/home/rostyslav/cramming/outputs/data	bert-finetuning-adamw+/downstream/2025-09-26/09-24-21	{'type': 'AdamW+', 'lr': 4e-05, 'beta1': 0.9, 'beta2': 0.98, 'eps': 1e-06, 'weight_decay': 0.0, 'amsgrad': False, 'is_mask': False, 'is_lamb': False, 'weight_decouple': True, 'db_noise': -140}	{'cola': {'collection': 'glue', 'regression': False, 'structure': ['sentence'], 'target_metrics': ['matthews_correlation']}, 'mnli': {'collection': 'glue', 'regression': False, 'structure': ['premise', 'hypothesis'], 'target_metrics': ['accuracy', 'accuracy_extra']}, 'mrpc': {'collection': 'glue', 'regression': False, 'structure': ['sentence1', 'sentence2'], 'target_metrics': ['f1']}, 'qnli': {'collection': 'glue', 'regression': False, 'structure': ['question', 'sentence'], 'target_metrics': ['accuracy']}, 'qqp': {'collection': 'glue', 'regression': False, 'structure': ['question1', 'question2'], 'target_metrics': ['f1']}, 'rte': {'collection': 'super_glue', 'regression': False, 'structure': ['premise', 'hypothesis'], 'target_metrics': ['accuracy']}, 'sst2': {'collection': 'glue', 'regression': False, 'structure': ['sentence'], 'target_metrics': ['accuracy']}, 'stsb': {'collection': 'glue', 'regression': True, 'structure': ['sentence1', 'sentence2'], 'target_metrics': ['pearson']}}	GLUE	validation	hf://bert-base-uncased	/home/rostyslav/cramming/outputs/data	128	16	0		['bias', 'LayerNorm.bias', 'LayerNorm.weight', 'norm']	cosine-decay	{'name': 'none'}	True	5	267	0	1795	{'batch_size': 128}	{'classification_head': {'pooler': 'zero_index', 'include_ff_layer': True, 'nonlin': 'Tanh'}}
bert-finetuning-adamw+	torch-default	hf://bert-base-uncased					5:21:01.093647	16	4e-05	267	2520841869	/home/rostyslav/cramming/outputs	/home/rostyslav/cramming/outputs/data	bert-finetuning-adamw+/downstream/2025-09-26/14-43-35	{'type': 'AdamW+', 'lr': 4e-05, 'beta1': 0.9, 'beta2': 0.98, 'eps': 1e-06, 'weight_decay': 0.0, 'amsgrad': False, 'is_mask': False, 'is_lamb': False, 'weight_decouple': True, 'db_noise': -140}	{'cola': {'collection': 'glue', 'regression': False, 'structure': ['sentence'], 'target_metrics': ['matthews_correlation']}, 'mnli': {'collection': 'glue', 'regression': False, 'structure': ['premise', 'hypothesis'], 'target_metrics': ['accuracy', 'accuracy_extra']}, 'mrpc': {'collection': 'glue', 'regression': False, 'structure': ['sentence1', 'sentence2'], 'target_metrics': ['f1']}, 'qnli': {'collection': 'glue', 'regression': False, 'structure': ['question', 'sentence'], 'target_metrics': ['accuracy']}, 'qqp': {'collection': 'glue', 'regression': False, 'structure': ['question1', 'question2'], 'target_metrics': ['f1']}, 'rte': {'collection': 'super_glue', 'regression': False, 'structure': ['premise', 'hypothesis'], 'target_metrics': ['accuracy']}, 'sst2': {'collection': 'glue', 'regression': False, 'structure': ['sentence'], 'target_metrics': ['accuracy']}, 'stsb': {'collection': 'glue', 'regression': True, 'structure': ['sentence1', 'sentence2'], 'target_metrics': ['pearson']}}	GLUE	validation	hf://bert-base-uncased	/home/rostyslav/cramming/outputs/data	128	16	0		['bias', 'LayerNorm.bias', 'LayerNorm.weight', 'norm']	cosine-decay	{'name': 'none'}	True	5	267	0	1795	{'batch_size': 128}	{'classification_head': {'pooler': 'zero_index', 'include_ff_layer': True, 'nonlin': 'Tanh'}}
bert-finetuning-adamw+	torch-default	hf://bert-base-uncased					5:17:38.867769	16	4e-05	267	3059829565	/home/rostyslav/cramming/outputs	/home/rostyslav/cramming/outputs/data	bert-finetuning-adamw+/downstream/2025-09-26/20-04-43	{'type': 'AdamW+', 'lr': 4e-05, 'beta1': 0.9, 'beta2': 0.98, 'eps': 1e-06, 'weight_decay': 0.0, 'amsgrad': False, 'is_mask': False, 'is_lamb': False, 'weight_decouple': True, 'db_noise': -140}	{'cola': {'collection': 'glue', 'regression': False, 'structure': ['sentence'], 'target_metrics': ['matthews_correlation']}, 'mnli': {'collection': 'glue', 'regression': False, 'structure': ['premise', 'hypothesis'], 'target_metrics': ['accuracy', 'accuracy_extra']}, 'mrpc': {'collection': 'glue', 'regression': False, 'structure': ['sentence1', 'sentence2'], 'target_metrics': ['f1']}, 'qnli': {'collection': 'glue', 'regression': False, 'structure': ['question', 'sentence'], 'target_metrics': ['accuracy']}, 'qqp': {'collection': 'glue', 'regression': False, 'structure': ['question1', 'question2'], 'target_metrics': ['f1']}, 'rte': {'collection': 'super_glue', 'regression': False, 'structure': ['premise', 'hypothesis'], 'target_metrics': ['accuracy']}, 'sst2': {'collection': 'glue', 'regression': False, 'structure': ['sentence'], 'target_metrics': ['accuracy']}, 'stsb': {'collection': 'glue', 'regression': True, 'structure': ['sentence1', 'sentence2'], 'target_metrics': ['pearson']}}	GLUE	validation	hf://bert-base-uncased	/home/rostyslav/cramming/outputs/data	128	16	0		['bias', 'LayerNorm.bias', 'LayerNorm.weight', 'norm']	cosine-decay	{'name': 'none'}	True	5	267	0	1795	{'batch_size': 128}	{'classification_head': {'pooler': 'zero_index', 'include_ff_layer': True, 'nonlin': 'Tanh'}}
bert-finetuning-adamw+	torch-default	hf://bert-base-uncased					5:20:14.254474	16	4e-05	267	1457471915	/home/rostyslav/cramming/outputs	/home/rostyslav/cramming/outputs/data	bert-finetuning-adamw+/downstream/2025-09-27/01-22-28	{'type': 'AdamW+', 'lr': 4e-05, 'beta1': 0.9, 'beta2': 0.98, 'eps': 1e-06, 'weight_decay': 0.0, 'amsgrad': False, 'is_mask': False, 'is_lamb': False, 'weight_decouple': True, 'db_noise': -140}	{'cola': {'collection': 'glue', 'regression': False, 'structure': ['sentence'], 'target_metrics': ['matthews_correlation']}, 'mnli': {'collection': 'glue', 'regression': False, 'structure': ['premise', 'hypothesis'], 'target_metrics': ['accuracy', 'accuracy_extra']}, 'mrpc': {'collection': 'glue', 'regression': False, 'structure': ['sentence1', 'sentence2'], 'target_metrics': ['f1']}, 'qnli': {'collection': 'glue', 'regression': False, 'structure': ['question', 'sentence'], 'target_metrics': ['accuracy']}, 'qqp': {'collection': 'glue', 'regression': False, 'structure': ['question1', 'question2'], 'target_metrics': ['f1']}, 'rte': {'collection': 'super_glue', 'regression': False, 'structure': ['premise', 'hypothesis'], 'target_metrics': ['accuracy']}, 'sst2': {'collection': 'glue', 'regression': False, 'structure': ['sentence'], 'target_metrics': ['accuracy']}, 'stsb': {'collection': 'glue', 'regression': True, 'structure': ['sentence1', 'sentence2'], 'target_metrics': ['pearson']}}	GLUE	validation	hf://bert-base-uncased	/home/rostyslav/cramming/outputs/data	128	16	0		['bias', 'LayerNorm.bias', 'LayerNorm.weight', 'norm']	cosine-decay	{'name': 'none'}	True	5	267	0	1795	{'batch_size': 128}	{'classification_head': {'pooler': 'zero_index', 'include_ff_layer': True, 'nonlin': 'Tanh'}}
